<?xml version="1.0" encoding="UTF-8"?>
<!DOCTYPE plist PUBLIC "-//Apple//DTD PLIST 1.0//EN" "http://www.apple.com/DTDs/PropertyList-1.0.dtd">
<plist version="1.0">
<dict>
	<key>files</key>
	<dict>
		<key>Resources/Common Errors.md</key>
		<data>
		W+8tbVc+JPOBYkr60/ha+akeJ0U=
		</data>
		<key>Resources/Credits.md</key>
		<data>
		gJVlYX0yNT+h0P2bOKflS655jRo=
		</data>
		<key>Resources/GPIO Pinning.md</key>
		<data>
		EFi+l4wUINDJVJrUJ0g5ccsKb40=
		</data>
		<key>Resources/Installation.md</key>
		<data>
		XiaJB1b0u7GBfnMPPkRpDW01ny0=
		</data>
		<key>Resources/Polling Mode.md</key>
		<data>
		SxMTu0XwwEN9+ODpyYZx9L/JQP4=
		</data>
		<key>Resources/Satellites.md</key>
		<data>
		wmY0G/7D2DhhSgaqUrKHVBjUNyY=
		</data>
		<key>Resources/Supported Gestures.md</key>
		<data>
		BJ2H7FPHxrS5TGjHHRE2Wdixmfo=
		</data>
		<key>Resources/Troubleshooting.md</key>
		<data>
		x/jXUdWzipqm4eLBxyRIASdjNQA=
		</data>
		<key>Resources/USB Support.md</key>
		<data>
		QMW5zWDNWjEQ+3RnDLQuEewvGKc=
		</data>
	</dict>
	<key>files2</key>
	<dict>
		<key>PlugIns/VoodooGPIO.kext</key>
		<dict>
			<key>symlink</key>
			<string>/Users/xuzhimin/Library/Developer/Xcode/DerivedData/VoodooI2C-anrnmlsxipxylsgplvjtjoiwccig/Build/Intermediates.noindex/ArchiveIntermediates/VoodooI2C/InstallationBuildProductsLocation/System/Library/Extensions/VoodooGPIO.kext</string>
		</dict>
		<key>PlugIns/VoodooI2CServices.kext</key>
		<dict>
			<key>symlink</key>
			<string>/Users/xuzhimin/Library/Developer/Xcode/DerivedData/VoodooI2C-anrnmlsxipxylsgplvjtjoiwccig/Build/Intermediates.noindex/ArchiveIntermediates/VoodooI2C/InstallationBuildProductsLocation/System/Library/Extensions/VoodooI2CServices.kext</string>
		</dict>
		<key>Resources/Common Errors.md</key>
		<dict>
			<key>hash</key>
			<data>
			W+8tbVc+JPOBYkr60/ha+akeJ0U=
			</data>
			<key>hash2</key>
			<data>
			HbmES3YucK6oOChnaBaPigay6iKB2BHbFxZMSnr0GvE=
			</data>
		</dict>
		<key>Resources/Credits.md</key>
		<dict>
			<key>hash</key>
			<data>
			gJVlYX0yNT+h0P2bOKflS655jRo=
			</data>
			<key>hash2</key>
			<data>
			xXJFagsbzc/A2nQ6gRIJUf2Vb5OdvYeT3T6Q/MAtgtI=
			</data>
		</dict>
		<key>Resources/GPIO Pinning.md</key>
		<dict>
			<key>hash</key>
			<data>
			EFi+l4wUINDJVJrUJ0g5ccsKb40=
			</data>
			<key>hash2</key>
			<data>
			KF8uAiq6Eqmfp+5UmWMDcz1vHY0qXQjyBRXAYZYsG5g=
			</data>
		</dict>
		<key>Resources/Installation.md</key>
		<dict>
			<key>hash</key>
			<data>
			XiaJB1b0u7GBfnMPPkRpDW01ny0=
			</data>
			<key>hash2</key>
			<data>
			o06i6ZB9pnr5Rrx22bLm1I4sQ/CxD0opdLiC6Ob1KxQ=
			</data>
		</dict>
		<key>Resources/Polling Mode.md</key>
		<dict>
			<key>hash</key>
			<data>
			SxMTu0XwwEN9+ODpyYZx9L/JQP4=
			</data>
			<key>hash2</key>
			<data>
			sq0GMyw62DIcFXsMlLJa6i/aBoqnKPEi/XSb0BNUHRM=
			</data>
		</dict>
		<key>Resources/Satellites.md</key>
		<dict>
			<key>hash</key>
			<data>
			wmY0G/7D2DhhSgaqUrKHVBjUNyY=
			</data>
			<key>hash2</key>
			<data>
			QbQv2S65rxgftc7+2u7t8/rtcnJkafFYKnr9E93SO+w=
			</data>
		</dict>
		<key>Resources/Supported Gestures.md</key>
		<dict>
			<key>hash</key>
			<data>
			BJ2H7FPHxrS5TGjHHRE2Wdixmfo=
			</data>
			<key>hash2</key>
			<data>
			rduVKr6qznGu1H2oUfYMBaqemmh/PxQHLYgDLBK5qv4=
			</data>
		</dict>
		<key>Resources/Troubleshooting.md</key>
		<dict>
			<key>hash</key>
			<data>
			x/jXUdWzipqm4eLBxyRIASdjNQA=
			</data>
			<key>hash2</key>
			<data>
			dA1SiQmSmKGUQulWdqMDaILd8En/85Yx/fgUR2pWbrk=
			</data>
		</dict>
		<key>Resources/USB Support.md</key>
		<dict>
			<key>hash</key>
			<data>
			QMW5zWDNWjEQ+3RnDLQuEewvGKc=
			</data>
			<key>hash2</key>
			<data>
			6kI/5NloiO5fRTg+Tba6PZdN5uNOLtDtlHHiSxIhte8=
			</data>
		</dict>
	</dict>
	<key>rules</key>
	<dict>
		<key>^Resources/</key>
		<true/>
		<key>^Resources/.*\.lproj/</key>
		<dict>
			<key>optional</key>
			<true/>
			<key>weight</key>
			<real>1000</real>
		</dict>
		<key>^Resources/.*\.lproj/locversion.plist$</key>
		<dict>
			<key>omit</key>
			<true/>
			<key>weight</key>
			<real>1100</real>
		</dict>
		<key>^Resources/Base\.lproj/</key>
		<dict>
			<key>weight</key>
			<real>1010</real>
		</dict>
		<key>^version.plist$</key>
		<true/>
	</dict>
	<key>rules2</key>
	<dict>
		<key>.*\.dSYM($|/)</key>
		<dict>
			<key>weight</key>
			<real>11</real>
		</dict>
		<key>^(.*/)?\.DS_Store$</key>
		<dict>
			<key>omit</key>
			<true/>
			<key>weight</key>
			<real>2000</real>
		</dict>
		<key>^(Frameworks|SharedFrameworks|PlugIns|Plug-ins|XPCServices|Helpers|MacOS|Library/(Automator|Spotlight|LoginItems))/</key>
		<dict>
			<key>nested</key>
			<true/>
			<key>weight</key>
			<real>10</real>
		</dict>
		<key>^.*</key>
		<true/>
		<key>^Info\.plist$</key>
		<dict>
			<key>omit</key>
			<true/>
			<key>weight</key>
			<real>20</real>
		</dict>
		<key>^PkgInfo$</key>
		<dict>
			<key>omit</key>
			<true/>
			<key>weight</key>
			<real>20</real>
		</dict>
		<key>^Resources/</key>
		<dict>
			<key>weight</key>
			<real>20</real>
		</dict>
		<key>^Resources/.*\.lproj/</key>
		<dict>
			<key>optional</key>
			<true/>
			<key>weight</key>
			<real>1000</real>
		</dict>
		<key>^Resources/.*\.lproj/locversion.plist$</key>
		<dict>
			<key>omit</key>
			<true/>
			<key>weight</key>
			<real>1100</real>
		</dict>
		<key>^Resources/Base\.lproj/</key>
		<dict>
			<key>weight</key>
			<real>1010</real>
		</dict>
		<key>^[^/]+$</key>
		<dict>
			<key>nested</key>
			<true/>
			<key>weight</key>
			<real>10</real>
		</dict>
		<key>^embedded\.provisionprofile$</key>
		<dict>
			<key>weight</key>
			<real>20</real>
		</dict>
		<key>^version\.plist$</key>
		<dict>
			<key>weight</key>
			<real>20</real>
		</dict>
	</dict>
</dict>
</plist>
